{
    "header": {
        "trans_id": "bf1bec29-fe6d-4109-8641-3be60822d506"
    },
    "body": [
        {
            "self_che": {
                "che_id": "A525",
                "dist": 19.160713810179576,
                "che_x": 566708.966363363,
                "che_y": 4317812.21287745,
                "che_yaw": -1.3431842295085867,
                "stop_x": 566713.220308438,
                "stop_y": 4317793.860148612,
                "navi_id": "A525_COMMAND&C8RJf19cxf_23"
            },
            "other_che": {
                "che_id": "A521",
                "dist": 0,
                "che_x": 566716.8346352497,
                "che_y": 4317778.26615388,
                "che_yaw": -1.3431904641166836,
                "stop_x": 566716.8346352497,
                "stop_y": 4317778.26615388,
                "navi_id": ""
            }
        },
        {
            "self_che": {
                "che_id": "A525",
                "dist": 0,
                "che_x": 566708.966363363,
                "che_y": 4317812.21287745,
                "che_yaw": -1.3431842295085867,
                "stop_x": 566708.966363363,
                "stop_y": 4317812.21287745,
                "navi_id": "A525_COMMAND&C8RJf19cxf_23"
            },
            "other_che": {
                "che_id": "A535",
                "dist": 18.658203576284546,
                "che_x": 566701.104277293,
                "che_y": 4317846.132556238,
                "che_yaw": -1.34318368757069,
                "stop_x": 566705.317343657,
                "stop_y": 4317827.956235598,
                "navi_id": "A535_COMMAND&ngSRKhTV87_22"
            }
        },
        {
            "self_che": {
                "che_id": "A537",
                "dist": 54.73461149469519,
                "che_x": 566919.1964451277,
                "che_y": 4317940.536472203,
                "che_yaw": 1.79876283630529,
                "stop_x": 566906.9141310605,
                "stop_y": 4317993.477614384,
                "navi_id": "A537_COMMAND&qGaBJcDmCb_16"
            },
            "other_che": {
                "che_id": "A523",
                "dist": 0,
                "che_x": 566903.2544562805,
                "che_y": 4318009.252114516,
                "che_yaw": 1.7987627996607118,
                "stop_x": 566903.2544562805,
                "stop_y": 4318009.252114516,
                "navi_id": ""
            }
        },
        {
            "self_che": {
                "che_id": "A537",
                "dist": 19.210388976996732,
                "che_x": 566919.1964451277,
                "che_y": 4317940.536472203,
                "che_yaw": 1.79876283630529,
                "stop_x": 566914.942503055,
                "stop_y": 4317958.872475624,
                "navi_id": "A537_COMMAND&qGaBJcDmCb_16"
            },
            "other_che": {
                "che_id": "A522",
                "dist": 0,
                "che_x": 566911.284943124,
                "che_y": 4317974.637859936,
                "che_yaw": 1.7987628020878494,
                "stop_x": 566911.284943124,
                "stop_y": 4317974.637859936,
                "navi_id": "A522_COMMAND&fHC13BlHpA_15"
            }
        },
        {
            "self_che": {
                "che_id": "A530",
                "dist": 1.5245236229066403,
                "che_x": 566831.4685784727,
                "che_y": 4317867.854537108,
                "che_yaw": -1.342504972724018,
                "stop_x": 566831.812577176,
                "stop_y": 4317866.369331154,
                "navi_id": "A530_55523289e9a44d8ca5bb4874f860acf9_30"
            },
            "other_che": {
                "che_id": "A528",
                "dist": 0,
                "che_x": 566837.87746153,
                "che_y": 4317840.19323115,
                "che_yaw": -1.342491908334678,
                "stop_x": 566837.87746153,
                "stop_y": 4317840.19323115,
                "navi_id": ""
            }
        },
        {
            "self_che": {
                "che_id": "A523",
                "dist": 0,
                "che_x": 566903.2544562805,
                "che_y": 4318009.252114516,
                "che_yaw": 1.7987627996607118,
                "stop_x": 566903.2544562805,
                "stop_y": 4318009.252114516,
                "navi_id": ""
            },
            "other_che": {
                "che_id": "A537",
                "dist": 54.73461149469519,
                "che_x": 566919.1964451277,
                "che_y": 4317940.536472203,
                "che_yaw": 1.79876283630529,
                "stop_x": 566906.9141310605,
                "stop_y": 4317993.477614384,
                "navi_id": "A537_COMMAND&qGaBJcDmCb_16"
            }
        },
        {
            "self_che": {
                "che_id": "A523",
                "dist": 0,
                "che_x": 566903.2544562805,
                "che_y": 4318009.252114516,
                "che_yaw": 1.7987627996607118,
                "stop_x": 566903.2544562805,
                "stop_y": 4318009.252114516,
                "navi_id": ""
            },
            "other_che": {
                "che_id": "A522",
                "dist": 19.696117127556644,
                "che_x": 566911.284943124,
                "che_y": 4317974.637859936,
                "che_yaw": 1.7987628020878494,
                "stop_x": 566906.9223211556,
                "stop_y": 4317993.442312162,
                "navi_id": "A522_COMMAND&fHC13BlHpA_15"
            }
        },
        {
            "self_che": {
                "che_id": "A522",
                "dist": 0,
                "che_x": 566911.284943124,
                "che_y": 4317974.637859936,
                "che_yaw": 1.7987628020878494,
                "stop_x": 566911.284943124,
                "stop_y": 4317974.637859936,
                "navi_id": "A522_COMMAND&fHC13BlHpA_15"
            },
            "other_che": {
                "che_id": "A537",
                "dist": 19.210388976996732,
                "che_x": 566919.1964451277,
                "che_y": 4317940.536472203,
                "che_yaw": 1.79876283630529,
                "stop_x": 566914.942503055,
                "stop_y": 4317958.872475624,
                "navi_id": "A537_COMMAND&qGaBJcDmCb_16"
            }
        },
        {
            "self_che": {
                "che_id": "A522",
                "dist": 19.696117127556644,
                "che_x": 566911.284943124,
                "che_y": 4317974.637859936,
                "che_yaw": 1.7987628020878494,
                "stop_x": 566906.9223211556,
                "stop_y": 4317993.442312162,
                "navi_id": "A522_COMMAND&fHC13BlHpA_15"
            },
            "other_che": {
                "che_id": "A523",
                "dist": 0,
                "che_x": 566903.2544562805,
                "che_y": 4318009.252114516,
                "che_yaw": 1.7987627996607118,
                "stop_x": 566903.2544562805,
                "stop_y": 4318009.252114516,
                "navi_id": ""
            }
        },
        {
            "self_che": {
                "che_id": "A521",
                "dist": 0,
                "che_x": 566716.8346352497,
                "che_y": 4317778.26615388,
                "che_yaw": -1.3431904641166836,
                "stop_x": 566716.8346352497,
                "stop_y": 4317778.26615388,
                "navi_id": ""
            },
            "other_che": {
                "che_id": "A525",
                "dist": 19.160713810179576,
                "che_x": 566708.966363363,
                "che_y": 4317812.21287745,
                "che_yaw": -1.3431842295085867,
                "stop_x": 566713.220308438,
                "stop_y": 4317793.860148612,