{
    "header": {
        "trans_id": "fb3085fd-8539-4777-8a98-8137412ad370"
    },
    "body": [
        {
            "self_che": {
                "che_id": "A525",
                "dist": 19.16054100921673,
                "che_x": 566708.9663243417,
                "che_y": 4317812.213045788,
                "che_yaw": -1.3431842292559746,
                "stop_x": 566713.220308438,
                "stop_y": 4317793.860148612,
                "navi_id": "A525_COMMAND&C8RJf19cxf_22"
            },
            "other_che": {
                "che_id": "A521",
                "dist": 0,
                "che_x": 566716.8346352497,
                "che_y": 4317778.26615388,
                "che_yaw": -1.3431904641166836,
                "stop_x": 566716.8346352497,
                "stop_y": 4317778.26615388,
                "navi_id": ""
            }
        },
        {
            "self_che": {
                "che_id": "A525",
                "dist": 0,
                "che_x": 566708.9663243417,
                "che_y": 4317812.213045788,
                "che_yaw": -1.3431842292559746,
                "stop_x": 566708.9663243417,
                "stop_y": 4317812.213045788,
                "navi_id": "A525_COMMAND&C8RJf19cxf_22"
            },
            "other_che": {
                "che_id": "A535",
                "dist": 18.658203576284546,
                "che_x": 566701.104277293,
                "che_y": 4317846.132556238,
                "che_yaw": -1.34318368757069,
                "stop_x": 566705.317343657,
                "stop_y": 4317827.956235598,
                "navi_id": "A535_COMMAND&ngSRKhTV87_22"
            }
        },
        {
            "self_che": {
                "che_id": "A532",
                "dist": 30.843538576944933,
                "che_x": 566937.4336189063,
                "che_y": 4317743.09305117,
                "che_yaw": 0.22808632707505563,
                "stop_x": 566961.823542294,
                "stop_y": 4317756.172017262,
                "navi_id": "A532_COMMAND&RV37yQ23ln_2"
            },
            "other_che": {
                "che_id": "A523",
                "dist": 26.661969646234866,
                "che_x": 566942.228847798,
                "che_y": 4317729.833916547,
                "che_yaw": 0.2280889132515442,
                "stop_x": 566964.9522643982,
                "stop_y": 4317740.436415765,
                "navi_id": "A523_COMMAND&jGP8CzKNiL_2"
            }
        },
        {
            "self_che": {
                "che_id": "A530",
                "dist": 0,
                "che_x": 566910.272999658,
                "che_y": 4317920.47017424,
                "che_yaw": 1.7988002379473873,
                "stop_x": 566910.272999658,
                "stop_y": 4317920.47017424,
                "navi_id": ""
            },
            "other_che": {
                "che_id": "A531",
                "dist": 11.723652088848644,
                "che_x": 566916.553272001,
                "che_y": 4317893.4045659425,
                "che_yaw": 1.7988002468305204,
                "stop_x": 566913.90333317,
                "stop_y": 4317904.824804228,
                "navi_id": "A531_8de5b22f0cf34906ae4ff4b844fca9af_11"
            }
        },
        {
            "self_che": {
                "che_id": "A530",
                "dist": 0,
                "che_x": 566910.272999658,
                "che_y": 4317920.47017424,
                "che_yaw": 1.7988002379473873,
                "stop_x": 566910.272999658,
                "stop_y": 4317920.47017424,
                "navi_id": ""
            },
            "other_che": {
                "che_id": "A526",
                "dist": 40.1392157416088,
                "che_x": 566922.9761345702,
                "che_y": 4317865.724408897,
                "che_yaw": 1.798799683453285,
                "stop_x": 566913.90333317,
                "stop_y": 4317904.824804228,
                "navi_id": "A526_a1f9f60b59714551a821cdc6ecf5de97_11"
            }
        },
        {
            "self_che": {
                "che_id": "A523",
                "dist": 29.367864487200848,
                "che_x": 566942.228847798,
                "che_y": 4317729.833916547,
                "che_yaw": 0.2280889132515442,
                "stop_x": 566964.9108685716,
                "stop_y": 4317743.132129256,
                "navi_id": "A523_COMMAND&jGP8CzKNiL_2"
            },
            "other_che": {
                "che_id": "A532",
                "dist": 17.879510154447335,
                "che_x": 566937.4336189063,
                "che_y": 4317743.09305117,
                "che_yaw": 0.22808632707505563,
                "stop_x": 566954.4559717503,
                "stop_y": 4317747.03944162,
                "navi_id": "A532_COMMAND&RV37yQ23ln_2"
            }
        },
        {
            "self_che": {
                "che_id": "A531",
                "dist": 11.723652088848644,
                "che_x": 566916.553272001,
                "che_y": 4317893.4045659425,
                "che_yaw": 1.7988002468305204,
                "stop_x": 566913.90333317,
                "stop_y": 4317904.824804228,
                "navi_id": "A531_8de5b22f0cf34906ae4ff4b844fca9af_11"
            },
            "other_che": {
                "che_id": "A530",
                "dist": 0,
                "che_x": 566910.272999658,
                "che_y": 4317920.47017424,
                "che_yaw": 1.7988002379473873,
                "stop_x": 566910.272999658,
                "stop_y": 4317920.47017424,
                "navi_id": ""
            }
        },
        {
            "self_che": {
                "che_id": "A531",
                "dist": 0,
                "che_x": 566916.553272001,
                "che_y": 4317893.4045659425,
                "che_yaw": 1.7988002468305204,
                "stop_x": 566916.553272001,
                "stop_y": 4317893.4045659425,
                "navi_id": "A531_8de5b22f0cf34906ae4ff4b844fca9af_11"
            },
            "other_che": {
                "che_id": "A526",
                "dist": 8.063605556041104,
                "che_x": 566922.9761345702,
                "che_y": 4317865.724408897,
                "che_yaw": 1.798799683453285,
                "stop_x": 566921.1534976226,
                "stop_y": 4317873.579326408,
                "navi_id": "A526_a1f9f60b59714551a821cdc6ecf5de97_11"
            }
        },
        {
            "self_che": {
                "che_id": "A521",
                "dist": 0,
                "che_x": 566716.8346352497,
                "che_y": 4317778.26615388,
                "che_yaw": -1.3431904641166836,
                "stop_x": 566716.8346352497,
                "stop_y": 4317778.26615388,
                "navi_id": ""
            },
            "other_che": {
                "che_id": "A525",
                "dist": 19.16054100921673,
                "che_x": 566708.9663243417,
                "che_y": 4317812.213045788,
                "che_yaw": -1.3431842292559746,
                "stop_x": 566713.220308438,
                "stop_y": 4317793.860148612,
                "navi_id": "A525_COMMAND&C8RJf19cxf_22"
            }
        },
        {
            "self_che": {
                "che_id": "A521",
                "dist": 0,
                "che_x": 566716.8346352497,
                "che_y": 4317778.26615388,
                "che_yaw": -1.3431904641166836,
                "stop_x": 566716.8346352497,
                "stop_y": 4317778.26615388,
                "navi_id": ""
            },
            "other_che": {
                "che_id": "A535",
                "dist": 53.65820357692414,
                "che_x": 566701.104277293,
                "che_y": 4317846.132556238,
                "che_yaw": -1.34318368757069,
                "stop_x": 566713.220308438,
                "stop_y": 4317793.860148612,