{
    "header": {
        "trans_id": "d553ea7d-7434-477c-bd04-9ca50114db31"
    },
    "body": [
        {
            "self_che": {
                "che_id": "A534",
                "dist": 0,
                "che_x": 566901.919273697,
                "che_y": 4317976.01302117,
                "che_yaw": 1.7983639386145351,
                "stop_x": 566901.919273697,
                "stop_y": 4317976.01302117,
                "navi_id": ""
            },
            "other_che": {
                "che_id": "A532",
                "dist": 11.690980928376021,
                "che_x": 566908.198940052,
                "che_y": 4317948.887113725,
                "che_yaw": 1.79836242921263,
                "stop_x": 566905.5622321932,
                "stop_y": 4317960.276881358,
                "navi_id": "A532_03bbc71ebf4b408ebad477048040f130_22"
            }
        },
        {
            "self_che": {
                "che_id": "A532",
                "dist": 11.690980928376021,
                "che_x": 566908.198940052,
                "che_y": 4317948.887113725,
                "che_yaw": 1.79836242921263,
                "stop_x": 566905.5622321932,
                "stop_y": 4317960.276881358,
                "navi_id": "A532_03bbc71ebf4b408ebad477048040f130_22"
            },
            "other_che": {
                "che_id": "A534",
                "dist": 0,
                "che_x": 566901.919273697,
                "che_y": 4317976.01302117,
                "che_yaw": 1.7983639386145351,
                "stop_x": 566901.919273697,
                "stop_y": 4317976.01302117,
                "navi_id": ""
            }
        },
        {
            "self_che": {
                "che_id": "A522",
                "dist": 9.2240275176418,
                "che_x": 566704.9608535448,
                "che_y": 4317886.166156134,
                "che_yaw": -1.3454683747904983,
                "stop_x": 566706.945443837,
                "stop_y": 4317877.617522269,
                "navi_id": "A522_5c633bdc3dcf4dcabd212a4515e72151_25"
            },
            "other_che": {
                "che_id": "A524",
                "dist": 0,
                "che_x": 566711.4458551216,
                "che_y": 4317858.211298513,
                "che_yaw": -1.3455840603365483,
                "stop_x": 566711.4458551216,
                "stop_y": 4317858.211298513,
                "navi_id": ""
            }
        },
        {
            "self_che": {
                "che_id": "A526",
                "dist": 7.6725717765116626,
                "che_x": 566918.359832433,
                "che_y": 4317885.618971041,
                "che_yaw": 1.7988002371863245,
                "stop_x": 566916.6255737026,
                "stop_y": 4317893.092972936,
                "navi_id": "A526_9b95bcdc8af54cb693dbb1c247688ead_18"
            },
            "other_che": {
                "che_id": "A529",
                "dist": 0,
                "che_x": 566912.0826796734,
                "che_y": 4317912.671134513,
                "che_yaw": 1.7988004316011528,
                "stop_x": 566912.0826796734,
                "stop_y": 4317912.671134513,
                "navi_id": ""
            }
        },
        {
            "self_che": {
                "che_id": "A526",
                "dist": 0,
                "che_x": 566918.359832433,
                "che_y": 4317885.618971041,
                "che_yaw": 1.7988002371863245,
                "stop_x": 566918.359832433,
                "stop_y": 4317885.618971041,
                "navi_id": "A526_9b95bcdc8af54cb693dbb1c247688ead_18"
            },
            "other_che": {
                "che_id": "A528",
                "dist": 28.27252564462362,
                "che_x": 566931.7852518637,
                "che_y": 4317832.294649094,
                "che_yaw": 1.9525637834262108,
                "stop_x": 566924.4257681035,
                "stop_y": 4317859.477073225,
                "navi_id": "A528_6d42fc5ec25a4757842281f5d517110b_11"
            }
        },
        {
            "self_che": {
                "che_id": "A529",
                "dist": 0,
                "che_x": 566912.0826796734,
                "che_y": 4317912.671134513,
                "che_yaw": 1.7988004316011528,
                "stop_x": 566912.0826796734,
                "stop_y": 4317912.671134513,
                "navi_id": ""
            },
            "other_che": {
                "che_id": "A526",
                "dist": 7.6725717765116626,
                "che_x": 566918.359832433,
                "che_y": 4317885.618971041,
                "che_yaw": 1.7988002371863245,
                "stop_x": 566916.6255737026,
                "stop_y": 4317893.092972936,
                "navi_id": "A526_9b95bcdc8af54cb693dbb1c247688ead_18"
            }
        },
        {
            "self_che": {
                "che_id": "A529",
                "dist": 0,
                "che_x": 566912.0826796734,
                "che_y": 4317912.671134513,
                "che_yaw": 1.7988004316011528,
                "stop_x": 566912.0826796734,
                "stop_y": 4317912.671134513,
                "navi_id": ""
            },
            "other_che": {
                "che_id": "A528",
                "dist": 55.81028514955329,
                "che_x": 566931.7852518637,
                "che_y": 4317832.294649094,
                "che_yaw": 1.9525637834262108,
                "stop_x": 566918.201310208,
                "stop_y": 4317886.302142143,
                "navi_id": "A528_6d42fc5ec25a4757842281f5d517110b_11"
            }
        },
        {
            "self_che": {
                "che_id": "A535",
                "dist": 0,
                "che_x": 566820.5200298558,
                "che_y": 4317971.622026325,
                "che_yaw": -1.344015655743872,
                "stop_x": 566820.5200298558,
                "stop_y": 4317971.622026325,
                "navi_id": ""
            },
            "other_che": {
                "che_id": "A536",
                "dist": 7.62593156641675,
                "che_x": 566814.2987278817,
                "che_y": 4317998.453326966,
                "che_yaw": -1.3440362632726262,
                "stop_x": 566816.023620932,
                "stop_y": 4317991.025032403,
                "navi_id": "A536_dfb7e4aff1cd481ea31fec57b597288b_12"
            }
        },
        {
            "self_che": {
                "che_id": "A536",
                "dist": 7.62593156641675,
                "che_x": 566814.2987278817,
                "che_y": 4317998.453326966,
                "che_yaw": -1.3440362632726262,
                "stop_x": 566816.023620932,
                "stop_y": 4317991.025032403,
                "navi_id": "A536_dfb7e4aff1cd481ea31fec57b597288b_12"
            },
            "other_che": {
                "che_id": "A535",
                "dist": 0,
                "che_x": 566820.5200298558,
                "che_y": 4317971.622026325,
                "che_yaw": -1.344015655743872,
                "stop_x": 566820.5200298558,
                "stop_y": 4317971.622026325,
                "navi_id": ""
            }
        },
        {
            "self_che": {
                "che_id": "A524",
                "dist": 0,
                "che_x": 566711.4458551216,
                "che_y": 4317858.211298513,
                "che_yaw": -1.3455840603365483,
                "stop_x": 566711.4458551216,
                "stop_y": 4317858.211298513,
                "navi_id": ""
            },
            "other_che": {
                "che_id": "A522",
                "dist": 13.2240275175211,
                "che_x": 566704.9608535448,
                "che_y": 4317886.166156134,
                "che_yaw": -1.3454683747904983,
                "stop_x": 566707.8495217545,
                "stop_y": 4317873.72103114,