{
    "header": {
        "trans_id": "7a6f1850-dd28-42b4-a019-84c8d8727ba8"
    },
    "body": [
        {
            "self_che": {
                "che_id": "A525",
                "dist": 19.160713810179576,
                "che_x": 566708.966363363,
                "che_y": 4317812.21287745,
                "che_yaw": -1.3431842295085867,
                "stop_x": 566713.220308438,
                "stop_y": 4317793.860148612,
                "navi_id": "A525_COMMAND&C8RJf19cxf_23"
            },
            "other_che": {
                "che_id": "A521",
                "dist": 0,
                "che_x": 566716.8346352497,
                "che_y": 4317778.26615388,
                "che_yaw": -1.3431904641166836,
                "stop_x": 566716.8346352497,
                "stop_y": 4317778.26615388,
                "navi_id": ""
            }
        },
        {
            "self_che": {
                "che_id": "A525",
                "dist": 0,
                "che_x": 566708.966363363,
                "che_y": 4317812.21287745,
                "che_yaw": -1.3431842295085867,
                "stop_x": 566708.966363363,
                "stop_y": 4317812.21287745,
                "navi_id": "A525_COMMAND&C8RJf19cxf_23"
            },
            "other_che": {
                "che_id": "A535",
                "dist": 18.658203576284546,
                "che_x": 566701.104277293,
                "che_y": 4317846.132556238,
                "che_yaw": -1.34318368757069,
                "stop_x": 566705.317343657,
                "stop_y": 4317827.956235598,
                "navi_id": "A535_COMMAND&ngSRKhTV87_22"
            }
        },
        {
            "self_che": {
                "che_id": "A537",
                "dist": 29.35423467930708,
                "che_x": 566926.8892570894,
                "che_y": 4317776.574982606,
                "che_yaw": 0.22769229085247777,
                "stop_x": 566953.4559828024,
                "stop_y": 4317786.541762594,
                "navi_id": "A537_COMMAND&qGaBJcDmCb_1"
            },
            "other_che": {
                "che_id": "A522",
                "dist": 19.665130298098028,
                "che_x": 566933.7093405892,
                "che_y": 4317770.97303082,
                "che_yaw": 0.22813678885884675,
                "stop_x": 566952.5379153815,
                "stop_y": 4317776.277969612,
                "navi_id": "A522_COMMAND&fHC13BlHpA_2"
            }
        },
        {
            "self_che": {
                "che_id": "A530",
                "dist": 1.5245236229066403,
                "che_x": 566831.4685784727,
                "che_y": 4317867.854537108,
                "che_yaw": -1.342504972724018,
                "stop_x": 566831.812577176,
                "stop_y": 4317866.369331154,
                "navi_id": "A530_55523289e9a44d8ca5bb4874f860acf9_30"
            },
            "other_che": {
                "che_id": "A528",
                "dist": 0,
                "che_x": 566837.87746153,
                "che_y": 4317840.19323115,
                "che_yaw": -1.342491908334678,
                "stop_x": 566837.87746153,
                "stop_y": 4317840.19323115,
                "navi_id": ""
            }
        },
        {
            "self_che": {
                "che_id": "A522",
                "dist": 25.073313940356627,
                "che_x": 566933.7093405892,
                "che_y": 4317770.97303082,
                "che_yaw": 0.22813678885884675,
                "stop_x": 566955.3489221856,
                "stop_y": 4317780.77329094,
                "navi_id": "A522_COMMAND&fHC13BlHpA_2"
            },
            "other_che": {
                "che_id": "A537",
                "dist": 19.092633433072574,
                "che_x": 566926.8892570894,
                "che_y": 4317776.574982606,
                "che_yaw": 0.22769229085247777,
                "stop_x": 566945.489587029,
                "stop_y": 4317780.882084734,
                "navi_id": "A537_COMMAND&qGaBJcDmCb_1"
            }
        },
        {
            "self_che": {
                "che_id": "A521",
                "dist": 0,
                "che_x": 566716.8346352497,
                "che_y": 4317778.26615388,
                "che_yaw": -1.3431904641166836,
                "stop_x": 566716.8346352497,
                "stop_y": 4317778.26615388,
                "navi_id": ""
            },
            "other_che": {
                "che_id": "A525",
                "dist": 19.160713810179576,
                "che_x": 566708.966363363,
                "che_y": 4317812.21287745,
                "che_yaw": -1.3431842295085867,
                "stop_x": 566713.220308438,
                "stop_y": 4317793.860148612,
                "navi_id": "A525_COMMAND&C8RJf19cxf_23"
            }
        },
        {
            "self_che": {
                "che_id": "A521",
                "dist": 0,
                "che_x": 566716.8346352497,
                "che_y": 4317778.26615388,
                "che_yaw": -1.3431904641166836,
                "stop_x": 566716.8346352497,
                "stop_y": 4317778.26615388,
                "navi_id": ""
            },
            "other_che": {
                "che_id": "A535",
                "dist": 53.65820357692414,
                "che_x": 566701.104277293,
                "che_y": 4317846.132556238,
                "che_yaw": -1.34318368757069,
                "stop_x": 566713.220308438,
                "stop_y": 4317793.860148612,
                "navi_id": "A535_COMMAND&ngSRKhTV87_22"
            }
        },
        {
            "self_che": {
                "che_id": "A526",
                "dist": 8.65690745669606,
                "che_x": 566916.7070236072,
                "che_y": 4317892.741954476,
                "che_yaw": 1.798800260322333,
                "stop_x": 566914.811934115,
                "stop_y": 4317900.909076403,
                "navi_id": "A526_cd5144294ce84c1a9f629fbc9f7a1f48_11"
            },
            "other_che": {
                "che_id": "A529",
                "dist": 0,
                "che_x": 566910.274103371,
                "che_y": 4317920.465417633,
                "che_yaw": 1.7988002379839316,
                "stop_x": 566910.274103371,
                "stop_y": 4317920.465417633,
                "navi_id": ""
            }
        },
        {
            "self_che": {
                "che_id": "A529",
                "dist": 0,
                "che_x": 566910.274103371,
                "che_y": 4317920.465417633,
                "che_yaw": 1.7988002379839316,
                "stop_x": 566910.274103371,
                "stop_y": 4317920.465417633,
                "navi_id": ""
            },
            "other_che": {
                "che_id": "A526",
                "dist": 12.676668653089344,
                "che_x": 566916.7070236072,
                "che_y": 4317892.741954476,
                "che_yaw": 1.798800260322333,
                "stop_x": 566913.90333317,
                "stop_y": 4317904.824804228,
                "navi_id": "A526_cd5144294ce84c1a9f629fbc9f7a1f48_11"
            }
        },
        {
            "self_che": {
                "che_id": "A535",
                "dist": 18.658203576284546,
                "che_x": 566701.104277293,
                "che_y": 4317846.132556238,
                "che_yaw": -1.34318368757069,
                "stop_x": 566705.317343657,
                "stop_y": 4317827.956235598,
                "navi_id": "A535_COMMAND&ngSRKhTV87_22"
            },
            "other_che": {
                "che_id": "A525",
                "dist": 0,
                "che_x": 566708.966363363,
                "che_y": 4317812.21287745,
                "che_yaw": -1.3431842295085867,
                "stop_x": 566708.966363363,
                "stop_y": 4317812.21287745,