{
    "header": {
        "trans_id": "93f314e0-481f-41b2-98f2-4df8526210e9"
    },
    "body": [
        {
            "self_che": {
                "che_id": "A522",
                "dist": 16.96996576563325,
                "che_x": 566929.4819275168,
                "che_y": 4317784.36344439,
                "che_yaw": 0.2280472399918871,
                "stop_x": 566946.0012515965,
                "stop_y": 4317788.242823258,
                "navi_id": "A522_COMMAND&x2ficyWzVo_2"
            },
            "other_che": {
                "che_id": "A533",
                "dist": 19.710310692996025,
                "che_x": 566939.9858107037,
                "che_y": 4317772.437795891,
                "che_yaw": 0.230297714051213,
                "stop_x": 566955.5110562308,
                "stop_y": 4317781.842517696,
                "navi_id": "A533_COMMAND&XIbvXkgbq2_4"
            }
        },
        {
            "self_che": {
                "che_id": "A526",
                "dist": 0,
                "che_x": 566829.974528589,
                "che_y": 4317874.290167156,
                "che_yaw": -1.3425060511206337,
                "stop_x": 566829.974528589,
                "stop_y": 4317874.290167156,
                "navi_id": "A526_6cf0f9f801064abc97da732c20eda3e9_37"
            },
            "other_che": {
                "che_id": "A529",
                "dist": 8.65342081144478,
                "che_x": 566823.494235908,
                "che_y": 4317902.264673603,
                "che_yaw": -1.3425163648995384,
                "stop_x": 566825.3777027472,
                "stop_y": 4317894.133379836,
                "navi_id": "A529_9c350d0d02b647cbafa480597b01b793_22"
            }
        },
        {
            "self_che": {
                "che_id": "A526",
                "dist": 8.631301071803536,
                "che_x": 566829.974528589,
                "che_y": 4317874.290167156,
                "che_yaw": -1.3425060511206337,
                "stop_x": 566831.9223235676,
                "stop_y": 4317865.8815137325,
                "navi_id": "A526_6cf0f9f801064abc97da732c20eda3e9_37"
            },
            "other_che": {
                "che_id": "A527",
                "dist": 0,
                "che_x": 566836.4292950595,
                "che_y": 4317846.438361326,
                "che_yaw": -1.3429268767288387,
                "stop_x": 566836.4292950595,
                "stop_y": 4317846.438361326,
                "navi_id": ""
            }
        },
        {
            "self_che": {
                "che_id": "A529",
                "dist": 8.65342081144478,
                "che_x": 566823.494235908,
                "che_y": 4317902.264673603,
                "che_yaw": -1.3425163648995384,
                "stop_x": 566825.3777027472,
                "stop_y": 4317894.133379836,
                "navi_id": "A529_9c350d0d02b647cbafa480597b01b793_22"
            },
            "other_che": {
                "che_id": "A526",
                "dist": 0,
                "che_x": 566829.974528589,
                "che_y": 4317874.290167156,
                "che_yaw": -1.3425060511206337,
                "stop_x": 566829.974528589,
                "stop_y": 4317874.290167156,
                "navi_id": "A526_6cf0f9f801064abc97da732c20eda3e9_37"
            }
        },
        {
            "self_che": {
                "che_id": "A529",
                "dist": 37.65342081130847,
                "che_x": 566823.494235908,
                "che_y": 4317902.264673603,
                "che_yaw": -1.3425163648995384,
                "stop_x": 566831.9223235676,
                "stop_y": 4317865.8815137325,
                "navi_id": "A529_9c350d0d02b647cbafa480597b01b793_22"
            },
            "other_che": {
                "che_id": "A527",
                "dist": 0,
                "che_x": 566836.4292950595,
                "che_y": 4317846.438361326,
                "che_yaw": -1.3429268767288387,
                "stop_x": 566836.4292950595,
                "stop_y": 4317846.438361326,
                "navi_id": ""
            }
        },
        {
            "self_che": {
                "che_id": "A527",
                "dist": 0,
                "che_x": 566836.4292950595,
                "che_y": 4317846.438361326,
                "che_yaw": -1.3429268767288387,
                "stop_x": 566836.4292950595,
                "stop_y": 4317846.438361326,
                "navi_id": ""
            },
            "other_che": {
                "che_id": "A526",
                "dist": 8.631301071803536,
                "che_x": 566829.974528589,
                "che_y": 4317874.290167156,
                "che_yaw": -1.3425060511206337,
                "stop_x": 566831.9223235676,
                "stop_y": 4317865.8815137325,
                "navi_id": "A526_6cf0f9f801064abc97da732c20eda3e9_37"
            }
        },
        {
            "self_che": {
                "che_id": "A527",
                "dist": 0,
                "che_x": 566836.4292950595,
                "che_y": 4317846.438361326,
                "che_yaw": -1.3429268767288387,
                "stop_x": 566836.4292950595,
                "stop_y": 4317846.438361326,
                "navi_id": ""
            },
            "other_che": {
                "che_id": "A529",
                "dist": 37.65342081130847,
                "che_x": 566823.494235908,
                "che_y": 4317902.264673603,
                "che_yaw": -1.3425163648995384,
                "stop_x": 566831.9223235676,
                "stop_y": 4317865.8815137325,
                "navi_id": "A529_9c350d0d02b647cbafa480597b01b793_22"
            }
        },
        {
            "self_che": {
                "che_id": "A535",
                "dist": 0,
                "che_x": 566834.040644206,
                "che_y": 4318035.523221306,
                "che_yaw": -2.498120262363745,
                "stop_x": 566834.040644206,
                "stop_y": 4318035.523221306,
                "navi_id": "A535_COMMAND&ngSRKhTV87_6"
            },
            "other_che": {
                "che_id": "A528",
                "dist": 76.7109021713372,
                "che_x": 566888.3591606654,
                "che_y": 4318014.967106766,
                "che_yaw": 1.7985994573174817,
                "stop_x": 566846.7240513006,
                "stop_y": 4318045.851895573,
                "navi_id": "A528_0019194c97214ce7a910b487277d56e0_2"
            }
        },
        {
            "self_che": {
                "che_id": "A533",
                "dist": 21.87200395911373,
                "che_x": 566939.9858107037,
                "che_y": 4317772.437795891,
                "che_yaw": 0.230297714051213,
                "stop_x": 566955.4211838867,
                "stop_y": 4317783.99765459,
                "navi_id": "A533_COMMAND&XIbvXkgbq2_4"
            },
            "other_che": {
                "che_id": "A522",
                "dist": 15.88882752025103,
                "che_x": 566929.4819275168,
                "che_y": 4317784.36344439,
                "che_yaw": 0.2280472399918871,
                "stop_x": 566944.9600501952,
                "stop_y": 4317787.951888854,
                "navi_id": "A522_COMMAND&x2ficyWzVo_2"
            }
        },
        {
            "self_che": {
                "che_id": "A528",
                "dist": 76.7109021713372,
                "che_x": 566888.3591606654,
                "che_y": 4318014.967106766,
                "che_yaw": 1.7985994573174817,
                "stop_x": 566846.7240513006,
                "stop_y": 4318045.851895573,
                "navi_id": "A528_0019194c97214ce7a910b487277d56e0_2"
            },
            "other_che": {
                "che_id": "A535",
                "dist": 0,
                "che_x": 566834.040644206,
                "che_y": 4318035.523221306,