{
    "header": {
        "trans_id": "f5edb18f-aa80-4ef1-af14-bd07ce469637"
    },
    "body": [
        {
            "self_che": {
                "che_id": "A522",
                "dist": 1.3083844821118245,
                "che_x": 566945.1691994736,
                "che_y": 4317788.040756348,
                "che_yaw": 0.29774556474199365,
                "stop_x": 566946.0012515965,
                "stop_y": 4317788.242823258,
                "navi_id": "A522_COMMAND&x2ficyWzVo_4"
            },
            "other_che": {
                "che_id": "A533",
                "dist": 19.710310692996025,
                "che_x": 566939.9858107037,
                "che_y": 4317772.437795891,
                "che_yaw": 0.230297714051213,
                "stop_x": 566955.5110562308,
                "stop_y": 4317781.842517696,
                "navi_id": "A533_COMMAND&XIbvXkgbq2_5"
            }
        },
        {
            "self_che": {
                "che_id": "A526",
                "dist": 0,
                "che_x": 566829.974528589,
                "che_y": 4317874.290167156,
                "che_yaw": -1.3425060511206337,
                "stop_x": 566829.974528589,
                "stop_y": 4317874.290167156,
                "navi_id": "A526_6cf0f9f801064abc97da732c20eda3e9_37"
            },
            "other_che": {
                "che_id": "A529",
                "dist": 8.65342081144478,
                "che_x": 566823.494235908,
                "che_y": 4317902.264673603,
                "che_yaw": -1.3425163648995384,
                "stop_x": 566825.3777027472,
                "stop_y": 4317894.133379836,
                "navi_id": "A529_9c350d0d02b647cbafa480597b01b793_22"
            }
        },
        {
            "self_che": {
                "che_id": "A526",
                "dist": 8.631301071803536,
                "che_x": 566829.974528589,
                "che_y": 4317874.290167156,
                "che_yaw": -1.3425060511206337,
                "stop_x": 566831.9223235676,
                "stop_y": 4317865.8815137325,
                "navi_id": "A526_6cf0f9f801064abc97da732c20eda3e9_37"
            },
            "other_che": {
                "che_id": "A527",
                "dist": 0,
                "che_x": 566836.4292950595,
                "che_y": 4317846.438361326,
                "che_yaw": -1.3429268767288387,
                "stop_x": 566836.4292950595,
                "stop_y": 4317846.438361326,
                "navi_id": ""
            }
        },
        {
            "self_che": {
                "che_id": "A529",
                "dist": 8.65342081144478,
                "che_x": 566823.494235908,
                "che_y": 4317902.264673603,
                "che_yaw": -1.3425163648995384,
                "stop_x": 566825.3777027472,
                "stop_y": 4317894.133379836,
                "navi_id": "A529_9c350d0d02b647cbafa480597b01b793_22"
            },
            "other_che": {
                "che_id": "A526",
                "dist": 0,
                "che_x": 566829.974528589,
                "che_y": 4317874.290167156,
                "che_yaw": -1.3425060511206337,
                "stop_x": 566829.974528589,
                "stop_y": 4317874.290167156,
                "navi_id": "A526_6cf0f9f801064abc97da732c20eda3e9_37"
            }
        },
        {
            "self_che": {
                "che_id": "A529",
                "dist": 37.65342081130847,
                "che_x": 566823.494235908,
                "che_y": 4317902.264673603,
                "che_yaw": -1.3425163648995384,
                "stop_x": 566831.9223235676,
                "stop_y": 4317865.8815137325,
                "navi_id": "A529_9c350d0d02b647cbafa480597b01b793_22"
            },
            "other_che": {
                "che_id": "A527",
                "dist": 0,
                "che_x": 566836.4292950595,
                "che_y": 4317846.438361326,
                "che_yaw": -1.3429268767288387,
                "stop_x": 566836.4292950595,
                "stop_y": 4317846.438361326,
                "navi_id": ""
            }
        },
        {
            "self_che": {
                "che_id": "A527",
                "dist": 0,
                "che_x": 566836.4292950595,
                "che_y": 4317846.438361326,
                "che_yaw": -1.3429268767288387,
                "stop_x": 566836.4292950595,
                "stop_y": 4317846.438361326,
                "navi_id": ""
            },
            "other_che": {
                "che_id": "A526",
                "dist": 8.631301071803536,
                "che_x": 566829.974528589,
                "che_y": 4317874.290167156,
                "che_yaw": -1.3425060511206337,
                "stop_x": 566831.9223235676,
                "stop_y": 4317865.8815137325,
                "navi_id": "A526_6cf0f9f801064abc97da732c20eda3e9_37"
            }
        },
        {
            "self_che": {
                "che_id": "A527",
                "dist": 0,
                "che_x": 566836.4292950595,
                "che_y": 4317846.438361326,
                "che_yaw": -1.3429268767288387,
                "stop_x": 566836.4292950595,
                "stop_y": 4317846.438361326,
                "navi_id": ""
            },
            "other_che": {
                "che_id": "A529",
                "dist": 37.65342081130847,
                "che_x": 566823.494235908,
                "che_y": 4317902.264673603,
                "che_yaw": -1.3425163648995384,
                "stop_x": 566831.9223235676,
                "stop_y": 4317865.8815137325,
                "navi_id": "A529_9c350d0d02b647cbafa480597b01b793_22"
            }
        },
        {
            "self_che": {
                "che_id": "A533",
                "dist": 21.332709097771666,
                "che_x": 566939.9858107037,
                "che_y": 4317772.437795891,
                "che_yaw": 0.230297714051213,
                "stop_x": 566955.4904339426,
                "stop_y": 4317783.462824358,
                "navi_id": "A533_COMMAND&XIbvXkgbq2_5"
            },
            "other_che": {
                "che_id": "A522",
                "dist": 0,
                "che_x": 566945.1691994736,
                "che_y": 4317788.040756348,
                "che_yaw": 0.29774556474199365,
                "stop_x": 566945.1691994736,
                "stop_y": 4317788.040756348,
                "navi_id": "A522_COMMAND&x2ficyWzVo_4"
            }
        }
    ]
}